invoice_id,created_on,invoiceitem_id,invoiceitem_name,type,unit_price,total_price,percentage_in_invoice,is_expired
301695,2019-04-26,103215,ii_103215,Other,135,945,37.485124950416505,False
301695,2019-04-26,166227,ii_166227,Equipment,118,708,28.08409361364538,False
301695,2019-04-26,171394,ii_171394,Other,128,128,5.077350257834193,False
301695,2019-04-26,195625,ii_195625,Other,148,740,29.35343117810393,False
304245,2019-03-17,121446,ii_121446,Service,158,632,12.842918106076,False
304245,2019-03-17,135235,ii_135235,Service,151,906,18.41089209510262,False
304245,2019-03-17,143674,ii_143674,Service,176,528,10.729526519000203,False
304245,2019-03-17,155308,ii_155308,Equipment,161,1127,22.90184921763869,False
304245,2019-03-17,155679,ii_155679,Service,194,582,11.826864458443406,False
304245,2019-03-17,161145,ii_161145,Service,191,1146,23.28794960373908,False
305869,2019-09-11,121559,ii_121559,Service,175,175,6.138197123816204,True
305869,2019-09-11,122089,ii_122089,Material,126,252,8.839003858295335,True
305869,2019-09-11,166763,ii_166763,Equipment,155,1240,43.493511048754826,True
305869,2019-09-11,167832,ii_167832,Material,179,716,25.113995089442305,True
305869,2019-09-11,192367,ii_192367,Material,156,468,16.415292879691336,True
306163,2019-09-18,108876,ii_108876,Material,181,1086,31.60651920838184,False
306163,2019-09-18,117418,ii_117418,Service,122,122,3.5506402793946448,False
306163,2019-09-18,130442,ii_130442,Material,160,320,9.31315483119907,False
306163,2019-09-18,136017,ii_136017,Equipment,191,382,11.117578579743888,False
306163,2019-09-18,137129,ii_137129,Service,131,917,26.688009313154833,False
306163,2019-09-18,145491,ii_145491,Material,114,228,6.635622817229336,False
306163,2019-09-18,167964,ii_167964,Service,127,381,11.08847497089639,False
307175,2019-05-19,122138,ii_122138,Material,195,1560,31.15638106650689,True
307175,2019-05-19,133742,ii_133742,Equipment,115,345,6.890353505092869,True
307175,2019-05-19,134663,ii_134663,Material,175,1400,27.960854803275414,True
307175,2019-05-19,136924,ii_136924,Material,183,1464,29.23906530856801,True
307175,2019-05-19,185633,ii_185633,Material,119,238,4.75334531655682,True
307923,2019-04-20,103717,ii_103717,Other,100,200,14.749262536873156,False
307923,2019-04-20,118576,ii_118576,Other,183,732,53.98230088495575,False
307923,2019-04-20,127738,ii_127738,Material,106,424,31.268436578171094,False
308939,2019-05-18,118810,ii_118810,Service,178,1424,43.73464373464373,False
308939,2019-05-18,138755,ii_138755,Material,142,852,26.16707616707617,False
308939,2019-05-18,147011,ii_147011,Other,196,980,30.0982800982801,False
309022,2019-04-18,105792,ii_105792,Other,106,742,18.159569260890844,False
309022,2019-04-18,109859,ii_109859,Service,117,936,22.90748898678414,False
309022,2019-04-18,123298,ii_123298,Service,189,756,18.502202643171806,False
309022,2019-04-18,131338,ii_131338,Equipment,197,197,4.8213411649535,False
309022,2019-04-18,161511,ii_161511,Equipment,102,204,4.992657856093979,False
309022,2019-04-18,171220,ii_171220,Other,136,816,19.970631424375917,False
309022,2019-04-18,197972,ii_197972,Other,145,435,10.646108663729809,False
311671,2019-05-30,112399,ii_112399,Material,121,968,29.96904024767802,False
311671,2019-05-30,124880,ii_124880,Material,115,230,7.120743034055728,False
311671,2019-05-30,142190,ii_142190,Material,188,752,23.281733746130033,False
311671,2019-05-30,167564,ii_167564,Equipment,155,620,19.195046439628484,False
311671,2019-05-30,184702,ii_184702,Other,165,660,20.43343653250774,False
313012,2019-08-27,195549,ii_195549,Material,119,595,100.0,True
315942,2019-08-10,122308,ii_122308,Equipment,143,715,34.161490683229815,False
315942,2019-08-10,145808,ii_145808,Service,156,780,37.267080745341616,False
315942,2019-08-10,188151,ii_188151,Material,124,248,11.849020544672719,False
315942,2019-08-10,197156,ii_197156,Equipment,175,350,16.722408026755854,False
315960,2019-09-27,100883,ii_100883,Service,187,1122,21.412213740458018,True
315960,2019-09-27,103202,ii_103202,Equipment,113,678,12.938931297709924,True
315960,2019-09-27,104513,ii_104513,Equipment,165,1320,25.190839694656486,True
315960,2019-09-27,117240,ii_117240,Other,139,417,7.958015267175572,True
315960,2019-09-27,128573,ii_128573,Equipment,119,476,9.083969465648854,True
315960,2019-09-27,172757,ii_172757,Service,155,310,5.916030534351145,True
315960,2019-09-27,194744,ii_194744,Material,131,917,17.5,True
316710,2019-05-25,135307,ii_135307,Other,149,1192,68.50574712643677,False
316710,2019-05-25,182123,ii_182123,Equipment,137,548,31.494252873563216,False
319405,2019-03-27,108059,ii_108059,Service,118,708,52.99401197604791,True
319405,2019-03-27,141009,ii_141009,Material,161,161,12.050898203592816,True
319405,2019-03-27,171459,ii_171459,Other,187,187,13.997005988023952,True
319405,2019-03-27,195216,ii_195216,Service,140,280,20.958083832335326,True
321243,2019-05-26,124775,ii_124775,Other,134,134,6.132723112128147,False
321243,2019-05-26,141626,ii_141626,Service,144,288,13.180778032036613,False
321243,2019-05-26,155124,ii_155124,Service,127,381,17.4370709382151,False
321243,2019-05-26,175528,ii_175528,Equipment,169,507,23.20366132723112,False
321243,2019-05-26,184165,ii_184165,Service,175,875,40.045766590389015,False
322229,2019-07-27,101063,ii_101063,Other,149,298,6.952869808679421,True
322229,2019-07-27,113336,ii_113336,Material,121,363,8.469435370975269,True
322229,2019-07-27,130624,ii_130624,Material,167,167,3.8964069062062525,True
322229,2019-07-27,145514,ii_145514,Material,191,191,4.456369575361642,True
322229,2019-07-27,153568,ii_153568,Equipment,127,1016,23.70508632757816,True
322229,2019-07-27,155936,ii_155936,Equipment,171,855,19.948670088660755,True
322229,2019-07-27,178642,ii_178642,Service,126,1008,23.518432104526365,True
322229,2019-07-27,178996,ii_178996,Service,194,388,9.052729818012132,True
323231,2019-07-19,129005,ii_129005,Material,132,528,58.666666666666664,True
323231,2019-07-19,143643,ii_143643,Equipment,198,198,22.0,True
323231,2019-07-19,198810,ii_198810,Material,174,174,19.333333333333332,True
324751,2019-02-27,129989,ii_129989,Service,117,702,52.82167042889391,False
324751,2019-02-27,157890,ii_157890,Material,160,480,36.11738148984199,False
324751,2019-02-27,165882,ii_165882,Material,147,147,11.060948081264108,False
325063,2019-01-23,129180,ii_129180,Material,164,492,27.363737486095662,True
325063,2019-01-23,168501,ii_168501,Other,130,650,36.15127919911012,True
325063,2019-01-23,190265,ii_190265,Equipment,164,656,36.48498331479422,True
326452,2019-08-21,124339,ii_124339,Equipment,200,800,31.645569620253166,True
326452,2019-08-21,154969,ii_154969,Other,151,302,11.94620253164557,True
326452,2019-08-21,155752,ii_155752,Equipment,102,408,16.139240506329113,True
326452,2019-08-21,157444,ii_157444,Service,154,154,6.091772151898734,True
326452,2019-08-21,168281,ii_168281,Other,144,864,34.177215189873415,True
328581,2019-02-28,104028,ii_104028,Material,148,1036,25.758329189457978,False
328581,2019-02-28,115532,ii_115532,Other,194,1358,33.764296369965194,False
328581,2019-02-28,130674,ii_130674,Service,160,960,23.868722028841372,False
328581,2019-02-28,134847,ii_134847,Other,191,382,9.497762307309795,False
328581,2019-02-28,176102,ii_176102,Equipment,143,286,7.110890104425659,False
330931,2019-03-20,103864,ii_103864,Service,148,888,19.646017699115045,True
330931,2019-03-20,108965,ii_108965,Other,138,414,9.159292035398229,True
330931,2019-03-20,163035,ii_163035,Service,123,984,21.76991150442478,True
330931,2019-03-20,175469,ii_175469,Other,157,628,13.893805309734514,True
330931,2019-03-20,182320,ii_182320,Service,106,318,7.035398230088495,True
330931,2019-03-20,185413,ii_185413,Equipment,161,1288,28.49557522123894,True
331193,2019-04-12,101279,ii_101279,Service,164,328,10.711952971913782,True
331193,2019-04-12,105136,ii_105136,Equipment,193,579,18.90920966688439,True
331193,2019-04-12,130940,ii_130940,Service,145,290,9.470934030045722,True
331193,2019-04-12,160255,ii_160255,Service,169,169,5.519268451992162,True
331193,2019-04-12,167356,ii_167356,Equipment,118,826,26.975832789026782,True
331193,2019-04-12,195938,ii_195938,Other,129,258,8.425865447419987,True
331193,2019-04-12,198688,ii_198688,Service,102,612,19.98693664271718,True
331601,2019-03-26,114112,ii_114112,Material,189,1323,77.68643570170288,False
331601,2019-03-26,139457,ii_139457,Material,190,380,22.313564298297123,False
335732,2019-08-10,134919,ii_134919,Other,158,474,14.65224111282844,False
335732,2019-08-10,159222,ii_159222,Service,171,171,5.285935085007728,False
335732,2019-08-10,178111,ii_178111,Other,187,1122,34.683153013910356,False
335732,2019-08-10,189409,ii_189409,Service,194,1164,35.981452859350846,False
335732,2019-08-10,198017,ii_198017,Service,152,304,9.397217928902627,False
337140,2019-06-23,117794,ii_117794,Other,155,930,49.15433403805497,True
337140,2019-06-23,131446,ii_131446,Service,196,196,10.359408033826638,True
337140,2019-06-23,168508,ii_168508,Material,109,436,23.044397463002113,True
337140,2019-06-23,171389,ii_171389,Material,183,183,9.6723044397463,True
337140,2019-06-23,184268,ii_184268,Other,147,147,7.76955602536998,True
338547,2019-03-13,117018,ii_117018,Service,124,620,35.107587768969424,True
338547,2019-03-13,138537,ii_138537,Equipment,134,804,45.52661381653454,True
338547,2019-03-13,174862,ii_174862,Equipment,171,342,19.365798414496034,True
340601,2019-08-16,116446,ii_116446,Service,129,903,36.94762684124386,True
340601,2019-08-16,126267,ii_126267,Service,171,342,13.993453355155482,True
340601,2019-08-16,144257,ii_144257,Material,148,1036,42.38952536824877,True
340601,2019-08-16,145047,ii_145047,Material,163,163,6.669394435351881,True
341762,2019-06-19,114990,ii_114990,Other,132,264,6.760563380281689,False
341762,2019-06-19,126940,ii_126940,Material,166,498,12.752880921895008,False
341762,2019-06-19,143176,ii_143176,Service,175,350,8.962868117797695,False
341762,2019-06-19,161765,ii_161765,Service,170,1360,34.82714468629962,False
341762,2019-06-19,167763,ii_167763,Other,150,750,19.206145966709347,False
341762,2019-06-19,188321,ii_188321,Other,101,101,2.586427656850192,False
341762,2019-06-19,195203,ii_195203,Material,194,582,14.903969270166453,False
342057,2019-07-14,119152,ii_119152,Service,155,1240,75.06053268765133,False
342057,2019-07-14,143077,ii_143077,Material,103,412,24.93946731234867,False
343254,2019-07-12,104571,ii_104571,Other,172,516,13.48314606741573,True
343254,2019-07-12,128915,ii_128915,Service,109,545,14.240919780506925,True
343254,2019-07-12,134480,ii_134480,Material,127,508,13.274105043114712,True
343254,2019-07-12,138776,ii_138776,Material,189,1134,29.631565194669452,True
343254,2019-07-12,163211,ii_163211,Other,142,426,11.131434544029267,True
343254,2019-07-12,177697,ii_177697,Equipment,123,246,6.428011497256336,True
343254,2019-07-12,187069,ii_187069,Equipment,111,333,8.70133263652992,True
343254,2019-07-12,198244,ii_198244,Equipment,119,119,3.1094852364776586,True
343695,2019-04-10,147038,ii_147038,Material,177,177,100.0,True
344265,2019-09-28,110104,ii_110104,Other,194,1552,29.874879692011554,False
344265,2019-09-28,110235,ii_110235,Material,120,720,13.859480269489893,False
344265,2019-09-28,114882,ii_114882,Material,180,180,3.4648700673724733,False
344265,2019-09-28,127274,ii_127274,Equipment,107,642,12.358036573628489,False
344265,2019-09-28,131891,ii_131891,Other,112,336,6.467757459095284,False
344265,2019-09-28,146936,ii_146936,Material,128,768,14.783445620789221,False
344265,2019-09-28,155135,ii_155135,Other,109,436,8.392685274302213,False
344265,2019-09-28,196026,ii_196026,Material,187,561,10.798845043310875,False
347243,2019-05-16,115441,ii_115441,Service,122,244,5.68234746157429,False
347243,2019-05-16,128879,ii_128879,Other,196,784,18.25803446669772,False
347243,2019-05-16,176261,ii_176261,Material,196,980,22.822543083372146,False
347243,2019-05-16,180620,ii_180620,Equipment,121,121,2.817885421518398,False
347243,2019-05-16,187864,ii_187864,Equipment,195,1365,31.788542151839778,False
347243,2019-05-16,199938,ii_199938,Other,160,800,18.63064741499767,False
347510,2019-02-10,106048,ii_106048,Equipment,188,1316,26.37803166967328,True
347510,2019-02-10,133899,ii_133899,Other,144,1008,20.204449789536984,True
347510,2019-02-10,142237,ii_142237,Equipment,167,1336,26.778913609941874,True
347510,2019-02-10,166330,ii_166330,Service,116,464,9.30046101423131,True
347510,2019-02-10,197845,ii_197845,Service,173,865,17.338143916616556,True
348894,2019-07-14,106227,ii_106227,Material,197,591,11.75417661097852,True
348894,2019-07-14,109358,ii_109358,Equipment,173,1211,24.085123309466987,True
348894,2019-07-14,135114,ii_135114,Other,175,875,17.402545743834526,True
348894,2019-07-14,143455,ii_143455,Material,131,655,13.027048528241847,True
348894,2019-07-14,148220,ii_148220,Service,149,1192,23.707239459029434,True
348894,2019-07-14,149349,ii_149349,Service,106,848,16.86555290373906,True
348894,2019-07-14,159283,ii_159283,Other,176,-528,-10.501193317422434,True
348894,2019-07-14,188146,ii_188146,Equipment,184,184,3.659506762132061,True
349879,2019-01-11,161820,ii_161820,Other,186,558,50.81967213114754,True
349879,2019-01-11,170792,ii_170792,Equipment,180,540,49.18032786885246,True
351096,2019-03-13,108171,ii_108171,Material,148,740,14.266435319066897,True
351096,2019-03-13,121485,ii_121485,Service,158,790,15.230383651436282,True
351096,2019-03-13,157907,ii_157907,Other,132,792,15.268941584731058,True
351096,2019-03-13,163806,ii_163806,Equipment,172,1376,26.527858106805475,True
351096,2019-03-13,180576,ii_180576,Service,144,432,8.328513591671486,True
351096,2019-03-13,191572,ii_191572,Other,151,1057,20.3778677462888,True
352391,2019-01-18,104981,ii_104981,Other,141,141,3.7144362486828237,True
352391,2019-01-18,138301,ii_138301,Equipment,128,1024,26.97576396206533,True
352391,2019-01-18,167699,ii_167699,Other,144,576,15.17386722866175,True
352391,2019-01-18,178909,ii_178909,Other,161,161,4.241306638566913,True
352391,2019-01-18,179050,ii_179050,Other,162,648,17.070600632244467,True
352391,2019-01-18,193687,ii_193687,Material,166,996,26.23814541622761,True
352391,2019-01-18,198345,ii_198345,Service,125,250,6.585879873551106,True
352442,2019-02-25,107250,ii_107250,Equipment,116,928,19.736282433007233,True
352442,2019-02-25,108496,ii_108496,Material,128,384,8.166737558485751,True
352442,2019-02-25,126440,ii_126440,Service,166,996,21.182475542322415,True
352442,2019-02-25,146726,ii_146726,Other,148,1036,22.033177371331348,True
352442,2019-02-25,179715,ii_179715,Equipment,136,272,5.78477243726074,True
352442,2019-02-25,195973,ii_195973,Material,181,1086,23.096554657592513,True
356532,2019-01-14,123170,ii_123170,Other,121,121,3.5777646363098756,True
356532,2019-01-14,125803,ii_125803,Material,156,468,13.837965700768775,True
356532,2019-01-14,157298,ii_157298,Equipment,196,784,23.18154937906564,True
356532,2019-01-14,166980,ii_166980,Service,172,1204,35.60023654642224,True
356532,2019-01-14,172501,ii_172501,Other,161,805,23.802483737433473,True
356552,2019-03-21,103631,ii_103631,Material,133,798,43.870258383727325,True
356552,2019-03-21,112495,ii_112495,Equipment,104,416,22.869708631115998,True
356552,2019-03-21,185127,ii_185127,Material,125,125,6.871907641561298,True
356552,2019-03-21,196977,ii_196977,Equipment,160,480,26.38812534359538,True
356817,2019-05-14,126581,ii_126581,Equipment,115,345,8.431085043988269,False
356817,2019-05-14,129822,ii_129822,Service,117,468,11.436950146627565,False
356817,2019-05-14,156873,ii_156873,Equipment,166,332,8.113391984359726,False
356817,2019-05-14,182969,ii_182969,Other,107,749,18.304007820136853,False
356817,2019-05-14,189295,ii_189295,Service,178,890,21.749755620723363,False
356817,2019-05-14,190522,ii_190522,Other,156,624,15.249266862170089,False
356817,2019-05-14,192836,ii_192836,Other,171,684,16.715542521994134,False
358095,2019-03-19,147214,ii_147214,Material,117,468,36.61971830985916,False
358095,2019-03-19,152191,ii_152191,Equipment,135,810,63.38028169014085,False
360664,2019-06-26,112615,ii_112615,Equipment,175,700,20.342923568730022,False
360664,2019-06-26,133577,ii_133577,Service,172,516,14.995640802092414,False
360664,2019-06-26,147252,ii_147252,Service,166,996,28.945074106364427,False
360664,2019-06-26,149216,ii_149216,Other,192,384,11.159546643417611,False
360664,2019-06-26,156311,ii_156311,Equipment,140,560,16.274338854984016,False
360664,2019-06-26,172997,ii_172997,Material,171,171,4.969485614646905,False
360664,2019-06-26,180674,ii_180674,Other,114,114,3.3129904097646032,False
363263,2019-04-26,108933,ii_108933,Other,114,570,25.838621940163193,True
363263,2019-04-26,121049,ii_121049,Equipment,115,345,15.639165911151407,True
363263,2019-04-26,126912,ii_126912,Equipment,132,660,29.918404351767908,True
363263,2019-04-26,145057,ii_145057,Material,135,135,6.119673617407072,True
363263,2019-04-26,164876,ii_164876,Service,125,250,11.332728921124206,True
363263,2019-04-26,195874,ii_195874,Equipment,123,246,11.15140525838622,True
363284,2019-09-21,107763,ii_107763,Other,110,660,9.629413481178874,False
363284,2019-09-21,128292,ii_128292,Service,134,804,11.730376422526993,False
363284,2019-09-21,144611,ii_144611,Equipment,172,860,12.547417566384592,False
363284,2019-09-21,147178,ii_147178,Material,165,825,12.036766851473592,False
363284,2019-09-21,154557,ii_154557,Material,131,393,5.733878027429238,False
363284,2019-09-21,170804,ii_170804,Material,195,1560,22.76043186460461,False
363284,2019-09-21,171334,ii_171334,Material,172,1032,15.056901079661511,False
363284,2019-09-21,180493,ii_180493,Equipment,144,720,10.50481470674059,False
366751,2019-02-30,106160,ii_106160,Service,107,107,4.288577154308617,True
366751,2019-02-30,159445,ii_159445,Equipment,144,720,28.857715430861724,True
366751,2019-02-30,160248,ii_160248,Other,118,708,28.37675350701403,True
366751,2019-02-30,175333,ii_175333,Other,192,960,38.476953907815634,True
367288,2019-06-29,104800,ii_104800,Service,103,824,29.672308246308965,True
367288,2019-06-29,117929,ii_117929,Other,155,620,22.326251350378108,True
367288,2019-06-29,146906,ii_146906,Service,132,660,23.766654663305726,True
367288,2019-06-29,178253,ii_178253,Equipment,104,208,7.490097227223623,True
367288,2019-06-29,182802,ii_182802,Other,155,465,16.74468851278358,True
368913,2019-02-13,110871,ii_110871,Material,165,165,4.0431266846361185,True
368913,2019-02-13,116641,ii_116641,Material,172,1032,25.287919627542273,True
368913,2019-02-13,131362,ii_131362,Material,131,393,9.629992648860574,True
368913,2019-02-13,155308,ii_155308,Material,185,1480,36.265621171281545,True
368913,2019-02-13,185615,ii_185615,Equipment,143,715,17.52021563342318,True
368913,2019-02-13,194021,ii_194021,Equipment,138,138,3.3815241362411173,True
368913,2019-02-13,199144,ii_199144,Material,158,158,3.8716000980151923,True
369103,2019-07-16,149586,ii_149586,Material,110,550,67.23716381418093,False
369103,2019-07-16,157581,ii_157581,Material,134,268,32.76283618581907,False
369292,2019-09-13,106241,ii_106241,Material,183,1281,37.0767004341534,False
369292,2019-09-13,107345,ii_107345,Service,120,360,10.419681620839363,False
369292,2019-09-13,125771,ii_125771,Equipment,194,1358,39.30535455861071,False
369292,2019-09-13,191895,ii_191895,Material,114,456,13.198263386396528,False
369378,2019-07-15,108758,ii_108758,Service,177,708,15.56043956043956,True
369378,2019-07-15,126483,ii_126483,Equipment,165,1155,25.384615384615383,True
369378,2019-07-15,137032,ii_137032,Other,116,580,12.747252747252746,True
369378,2019-07-15,177376,ii_177376,Other,127,889,19.538461538461537,True
369378,2019-07-15,183393,ii_183393,Equipment,194,970,21.318681318681318,True
369378,2019-07-15,190308,ii_190308,Other,124,248,5.450549450549451,True
370388,2019-09-12,102035,ii_102035,Service,173,1384,24.93244460457575,False
370388,2019-09-12,112870,ii_112870,Equipment,102,204,3.675013511079085,False
370388,2019-09-12,124709,ii_124709,Service,115,460,8.286795172041074,False
370388,2019-09-12,129808,ii_129808,Equipment,185,925,16.66366420464781,False
370388,2019-09-12,165619,ii_165619,Material,142,994,17.90668348045397,False
370388,2019-09-12,181685,ii_181685,Other,200,800,14.411817690506215,False
370388,2019-09-12,183848,ii_183848,Other,112,784,14.123581336696093,False
371205,2019-09-16,128266,ii_128266,Service,125,625,12.398333663955565,True
371205,2019-09-16,134708,ii_134708,Material,161,322,6.387621503669908,True
371205,2019-09-16,136658,ii_136658,Other,166,1162,23.050981948026187,True
371205,2019-09-16,140599,ii_140599,Material,168,1176,23.32870462209879,True
371205,2019-09-16,168830,ii_168830,Other,133,532,10.553461614758977,True
371205,2019-09-16,191084,ii_191084,Material,153,1224,24.280896647490575,True
373241,2019-02-19,116519,ii_116519,Equipment,161,161,4.761904761904762,False
373241,2019-02-19,118309,ii_118309,Material,126,1008,29.81366459627329,False
373241,2019-02-19,161678,ii_161678,Service,140,840,24.84472049689441,False
373241,2019-02-19,196536,ii_196536,Other,196,1372,40.57971014492754,False
373470,2019-09-22,111542,ii_111542,Other,131,131,5.282258064516129,False
373470,2019-09-22,116917,ii_116917,Service,166,332,13.38709677419355,False
373470,2019-09-22,132455,ii_132455,Service,172,516,20.806451612903228,False
373470,2019-09-22,132910,ii_132910,Other,169,169,6.814516129032258,False
373470,2019-09-22,193693,ii_193693,Material,144,432,17.419354838709676,False
373470,2019-09-22,193726,ii_193726,Equipment,180,900,36.29032258064516,False
374733,2019-07-10,101649,ii_101649,Other,126,756,22.999695771219958,False
374733,2019-07-10,121879,ii_121879,Material,153,153,4.6547003346516584,False
374733,2019-07-10,136516,ii_136516,Material,113,791,24.064496501369028,False
374733,2019-07-10,150673,ii_150673,Service,114,684,20.809248554913296,False
374733,2019-07-10,163186,ii_163186,Equipment,149,745,22.665044113173106,False
374733,2019-07-10,189737,ii_189737,Material,158,158,4.806814724672954,False
375121,2019-06-11,103236,ii_103236,Service,148,888,17.02453987730061,False
375121,2019-06-11,147401,ii_147401,Equipment,188,1316,25.23006134969325,False
375121,2019-06-11,186192,ii_186192,Other,163,1304,25.0,False
375121,2019-06-11,191033,ii_191033,Other,141,1128,21.625766871165645,False
375121,2019-06-11,199708,ii_199708,Service,116,580,11.11963190184049,False
375592,2019-02-30,157027,ii_157027,Equipment,187,-187,-65.84507042253522,False
375592,2019-02-30,185821,ii_185821,Service,157,471,165.8450704225352,False
376944,2019-05-15,116146,ii_116146,Service,182,1092,25.40125610607118,False
376944,2019-05-15,148549,ii_148549,Material,168,336,7.815771109560362,False
376944,2019-05-15,159836,ii_159836,Equipment,109,436,10.141893463596185,False
376944,2019-05-15,171249,ii_171249,Other,131,655,15.236101418934636,False
376944,2019-05-15,179904,ii_179904,Material,166,1328,30.89090486159572,False
376944,2019-05-15,198049,ii_198049,Other,113,452,10.514073040241916,False
377307,2019-04-12,151535,ii_151535,Equipment,139,556,14.966352624495288,True
377307,2019-04-12,151916,ii_151916,Material,117,819,22.045760430686407,True
377307,2019-04-12,174987,ii_174987,Equipment,127,508,13.674293405114401,True
377307,2019-04-12,190386,ii_190386,Service,156,1248,33.5935397039031,True
377307,2019-04-12,194584,ii_194584,Material,146,584,15.720053835800806,True
377572,2019-06-24,107683,ii_107683,Service,195,780,19.321278176864006,False
377572,2019-06-24,136284,ii_136284,Other,109,654,16.200148625216745,False
377572,2019-06-24,139346,ii_139346,Other,154,770,19.07356948228883,False
377572,2019-06-24,146917,ii_146917,Other,146,730,18.08273470398811,False
377572,2019-06-24,164691,ii_164691,Other,135,135,3.3440673767649245,False
377572,2019-06-24,171957,ii_171957,Equipment,121,968,23.978201634877383,False
377719,2019-01-25,129849,ii_129849,Equipment,159,159,6.0113421550094515,False
377719,2019-01-25,157233,ii_157233,Equipment,150,150,5.671077504725898,False
377719,2019-01-25,172149,ii_172149,Material,192,1344,50.81285444234405,False
377719,2019-01-25,178297,ii_178297,Other,124,992,37.50472589792061,False
377960,2019-02-22,123242,ii_123242,Equipment,110,550,16.471997604073078,True
377960,2019-02-22,144902,ii_144902,Service,188,1316,39.41299790356394,True
377960,2019-02-22,196386,ii_196386,Other,150,900,26.954177897574123,True
377960,2019-02-22,196707,ii_196707,Service,191,573,17.16082659478886,True
378408,2019-09-24,130442,ii_130442,Equipment,121,121,4.280155642023346,False
378408,2019-09-24,160219,ii_160219,Material,126,630,22.28510788822073,False
378408,2019-09-24,161956,ii_161956,Service,186,1116,39.47647683056243,False
378408,2019-09-24,162332,ii_162332,Material,160,960,33.958259639193486,False
378746,2019-01-19,124023,ii_124023,Other,161,644,16.978644872132875,True
378746,2019-01-19,127600,ii_127600,Material,114,570,15.027682573161085,True
378746,2019-01-19,153160,ii_153160,Material,148,148,3.9019245979435806,True
378746,2019-01-19,161026,ii_161026,Material,197,1576,41.55022409702083,True
378746,2019-01-19,166823,ii_166823,Material,171,855,22.54152385974163,True
379387,2019-06-22,175510,ii_175510,Material,132,924,62.18034993270525,True
379387,2019-06-22,190876,ii_190876,Material,104,208,13.997308209959622,True
379387,2019-06-22,198340,ii_198340,Other,177,354,23.82234185733513,True
379687,2019-05-24,107730,ii_107730,Equipment,177,1416,27.802866679756526,True
379687,2019-05-24,135770,ii_135770,Other,174,522,10.24936186923228,True
379687,2019-05-24,139278,ii_139278,Material,120,840,16.49322599646574,True
379687,2019-05-24,139615,ii_139615,Material,194,582,11.427449440408404,True
379687,2019-05-24,155726,ii_155726,Equipment,149,1043,20.479088945611622,True
379687,2019-05-24,164157,ii_164157,Service,195,195,3.828784606322403,True
379687,2019-05-24,188916,ii_188916,Service,165,495,9.719222462203025,True
381281,2019-05-16,110832,ii_110832,Other,124,496,58.490566037735846,False
381281,2019-05-16,191864,ii_191864,Service,176,352,41.509433962264154,False
381457,2019-07-13,117135,ii_117135,Equipment,150,600,12.04335608189482,True
381457,2019-07-13,132707,ii_132707,Service,132,132,2.6495383380168605,True
381457,2019-07-13,140959,ii_140959,Equipment,177,1062,21.316740264953836,True
381457,2019-07-13,151643,ii_151643,Equipment,140,560,11.240465676435168,True
381457,2019-07-13,166795,ii_166795,Other,165,990,19.871537535126453,True
381457,2019-07-13,186097,ii_186097,Material,112,560,11.240465676435168,True
381457,2019-07-13,191631,ii_191631,Service,154,1078,21.637896427137697,True
383182,2019-01-10,102066,ii_102066,Equipment,161,1288,54.50698264917477,False
383182,2019-01-10,144538,ii_144538,Equipment,104,312,13.20355480321625,False
383182,2019-01-10,147577,ii_147577,Material,167,167,7.0672873465933135,False
383182,2019-01-10,148618,ii_148618,Service,124,-124,-5.247566652560304,False
383182,2019-01-10,162678,ii_162678,Service,120,720,30.46974185357596,False
383235,2019-01-15,122879,ii_122879,Other,149,149,4.63596764156814,True
383235,2019-01-15,134235,ii_134235,Other,173,346,10.76540136901058,True
383235,2019-01-15,136748,ii_136748,Material,186,558,17.361543248288736,True
383235,2019-01-15,149962,ii_149962,Service,142,852,26.509023024268824,True
383235,2019-01-15,177216,ii_177216,Service,187,1309,40.72806471686372,True
383281,2019-01-20,139924,ii_139924,Equipment,187,935,26.427360090446577,False
383281,2019-01-20,142649,ii_142649,Service,177,531,15.008479366873939,False
383281,2019-01-20,149461,ii_149461,Service,193,579,16.365178066704352,False
383281,2019-01-20,155864,ii_155864,Other,114,798,22.55511588468061,False
383281,2019-01-20,157303,ii_157303,Service,139,695,19.64386659129452,False
383681,2019-07-21,102735,ii_102735,Service,122,976,13.022014676450969,True
383681,2019-07-21,105522,ii_105522,Other,112,672,8.965977318212142,True
383681,2019-07-21,107558,ii_107558,Service,143,1144,15.263509006004004,True
383681,2019-07-21,116083,ii_116083,Equipment,162,810,10.807204803202135,True
383681,2019-07-21,121777,ii_121777,Service,125,1000,13.342228152101402,True
383681,2019-07-21,140426,ii_140426,Service,109,218,2.9086057371581053,True
383681,2019-07-21,141843,ii_141843,Material,157,1099,14.663108739159439,True
383681,2019-07-21,178938,ii_178938,Other,197,1576,21.027351567711808,True
385661,2019-02-14,138654,ii_138654,Equipment,147,441,30.16415868673051,False
385661,2019-02-14,150660,ii_150660,Material,107,535,36.59370725034199,False
385661,2019-02-14,192347,ii_192347,Material,102,102,6.976744186046512,False
385661,2019-02-14,197614,ii_197614,Material,128,384,26.265389876880985,False
386678,2019-09-18,124026,ii_124026,Material,141,423,20.114122681883025,False
386678,2019-09-18,128660,ii_128660,Other,196,392,18.640038040893963,False
386678,2019-09-18,133300,ii_133300,Equipment,130,910,43.27151688064669,False
386678,2019-09-18,143179,ii_143179,Equipment,126,378,17.97432239657632,False
387341,2019-01-27,104043,ii_104043,Material,155,155,6.509869802603947,False
387341,2019-01-27,147191,ii_147191,Service,109,218,9.155816883662327,False
387341,2019-01-27,178083,ii_178083,Material,148,592,24.8635027299454,False
387341,2019-01-27,195056,ii_195056,Material,177,1416,59.47081058378833,False
389528,2019-03-19,139970,ii_139970,Service,193,772,13.475301099668355,True
389528,2019-03-19,156273,ii_156273,Service,129,774,13.510211206144179,True
389528,2019-03-19,172535,ii_172535,Material,105,420,7.331122359923198,True
389528,2019-03-19,175208,ii_175208,Material,109,763,13.318205620527143,True
389528,2019-03-19,178512,ii_178512,Equipment,108,756,13.196020247861757,True
389528,2019-03-19,189841,ii_189841,Equipment,171,684,11.939256414732064,True
389528,2019-03-19,191045,ii_191045,Equipment,195,1560,27.229883051143304,True
389694,2019-04-15,124712,ii_124712,Service,113,113,2.4602656215980843,False
389694,2019-04-15,124910,ii_124910,Other,152,1064,23.165686914870456,False
389694,2019-04-15,132887,ii_132887,Other,157,785,17.09122577835837,False
389694,2019-04-15,141350,ii_141350,Equipment,172,860,18.724145438711084,False
389694,2019-04-15,145685,ii_145685,Other,173,346,7.533202699760505,False
389694,2019-04-15,156848,ii_156848,Other,198,990,21.55453951665578,False
389694,2019-04-15,175476,ii_175476,Equipment,145,435,9.470934030045722,False
391273,2019-09-10,123472,ii_123472,Other,192,192,3.528114663726571,True
391273,2019-09-10,137187,ii_137187,Other,151,755,13.873575891216463,True
391273,2019-09-10,139726,ii_139726,Other,161,161,2.958471150312385,True
391273,2019-09-10,158194,ii_158194,Material,188,752,13.818449099595737,True
391273,2019-09-10,169144,ii_169144,Equipment,171,1197,21.995589856670342,True
391273,2019-09-10,188652,ii_188652,Material,132,660,12.127894156560089,True
391273,2019-09-10,193264,ii_193264,Material,192,1152,21.168687982359426,True
391273,2019-09-10,196693,ii_196693,Service,191,573,10.529217199558985,True
392657,2019-04-25,109352,ii_109352,Equipment,197,1379,17.18808425775894,True
392657,2019-04-25,109781,ii_109781,Service,177,354,4.412314595537828,True
392657,2019-04-25,121582,ii_121582,Other,181,1086,13.536083759192321,True
392657,2019-04-25,130960,ii_130960,Service,195,1170,14.583073663218245,True
392657,2019-04-25,168169,ii_168169,Other,180,1260,15.704848560388882,True
392657,2019-04-25,168613,ii_168613,Other,182,910,11.342390626947525,True
392657,2019-04-25,180133,ii_180133,Other,181,1267,15.79209771905771,True
392657,2019-04-25,189971,ii_189971,Equipment,199,597,7.441106817898542,True
392733,2019-07-12,122938,ii_122938,Other,120,120,5.194805194805195,False
392733,2019-07-12,142303,ii_142303,Other,126,378,16.363636363636363,False
392733,2019-07-12,149945,ii_149945,Other,116,812,35.15151515151515,False
392733,2019-07-12,196413,ii_196413,Material,125,1000,43.290043290043286,False
394428,2019-09-26,120256,ii_120256,Other,100,500,11.143302874972141,True
394428,2019-09-26,141154,ii_141154,Equipment,129,645,14.374860708714063,True
394428,2019-09-26,141457,ii_141457,Equipment,181,1267,28.23712948517941,True
394428,2019-09-26,160040,ii_160040,Material,137,959,21.37285491419657,True
394428,2019-09-26,192645,ii_192645,Equipment,102,816,18.185870291954533,True
394428,2019-09-26,194735,ii_194735,Material,100,300,6.685981724983285,True
395841,2019-01-13,101851,ii_101851,Material,185,185,3.047775947281713,False
395841,2019-01-13,107412,ii_107412,Material,126,756,12.454695222405272,False
395841,2019-01-13,113035,ii_113035,Service,103,721,11.878088962108732,False
395841,2019-01-13,127224,ii_127224,Other,167,1336,22.00988467874794,False
395841,2019-01-13,147134,ii_147134,Material,170,170,2.800658978583196,False
395841,2019-01-13,151324,ii_151324,Other,119,952,15.683690280065898,False
395841,2019-01-13,176476,ii_176476,Equipment,195,390,6.425041186161449,False
395841,2019-01-13,197505,ii_197505,Other,195,1560,25.700164744645797,False
308237O,2019-05-29,124546,ii_124546,Equipment,170,850,13.923013923013924,False
308237O,2019-05-29,140995,ii_140995,Other,121,726,11.891891891891893,False
308237O,2019-05-29,146118,ii_146118,Service,154,462,7.567567567567568,False
308237O,2019-05-29,148625,ii_148625,Material,185,370,6.0606060606060606,False
308237O,2019-05-29,157553,ii_157553,Other,179,537,8.796068796068795,False
308237O,2019-05-29,167536,ii_167536,Equipment,198,1386,22.702702702702705,False
308237O,2019-05-29,186670,ii_186670,Other,181,1086,17.78869778869779,False
308237O,2019-05-29,196020,ii_196020,Material,172,688,11.26945126945127,False
325156O,2019-06-25,109190,ii_109190,Service,189,1134,21.027257556091232,False
325156O,2019-06-25,119673,ii_119673,Material,130,260,4.8210643426664195,False
325156O,2019-06-25,132735,ii_132735,Equipment,181,1267,23.493417392916744,False
325156O,2019-06-25,142199,ii_142199,Service,130,520,9.642128685332839,False
325156O,2019-06-25,150736,ii_150736,Equipment,138,690,12.794363063230113,False
325156O,2019-06-25,169797,ii_169797,Other,116,812,15.056554793250509,False
325156O,2019-06-25,197255,ii_197255,Service,142,710,13.165214166512145,False
326649O,2019-02-27,170022,ii_170022,Equipment,190,1330,38.68528214077953,False
326649O,2019-02-27,170207,ii_170207,Equipment,191,1528,44.44444444444444,False
326649O,2019-02-27,177477,ii_177477,Other,116,580,16.870273414776033,False
331902O,2019-09-16,111906,ii_111906,Other,172,1204,20.116959064327485,False
331902O,2019-09-16,143905,ii_143905,Service,179,716,11.963241436925648,False
331902O,2019-09-16,154561,ii_154561,Material,144,1152,19.248120300751882,False
331902O,2019-09-16,158537,ii_158537,Other,197,1182,19.749373433583962,False
331902O,2019-09-16,170438,ii_170438,Material,183,549,9.172932330827068,False
331902O,2019-09-16,174442,ii_174442,Equipment,131,262,4.377610693400167,False
331902O,2019-09-16,198243,ii_198243,Other,115,920,15.371762740183792,False
335226O,2019-05-24,100942,ii_100942,Material,117,468,14.73551637279597,False
335226O,2019-05-24,142902,ii_142902,Other,194,1164,36.649874055415616,False
335226O,2019-05-24,165153,ii_165153,Equipment,193,1544,48.614609571788414,False
340299O,2019-09-22,104400,ii_104400,Material,188,1504,36.328502415458935,False
340299O,2019-09-22,106905,ii_106905,Equipment,108,540,13.043478260869565,False
340299O,2019-09-22,116922,ii_116922,Material,121,968,23.381642512077295,False
340299O,2019-09-22,128762,ii_128762,Other,141,1128,27.246376811594203,False
365371O,2019-05-27,142446,ii_142446,Equipment,182,1092,86.1198738170347,False
365371O,2019-05-27,154019,ii_154019,Equipment,176,176,13.880126182965299,False
371786O,2019-02-10,132552,ii_132552,Equipment,164,164,19.664268585131893,False
371786O,2019-02-10,151075,ii_151075,Service,134,670,80.3357314148681,False
373375O,2019-08-24,105522,ii_105522,Equipment,154,1232,17.406046905905622,False
373375O,2019-08-24,129478,ii_129478,Other,146,876,12.376377507770558,False
373375O,2019-08-24,139544,ii_139544,Other,131,393,5.552415936705284,False
373375O,2019-08-24,141924,ii_141924,Other,193,1158,16.360553828765187,False
373375O,2019-08-24,157738,ii_157738,Other,130,650,9.183385137044363,False
373375O,2019-08-24,159579,ii_159579,Service,178,890,12.574173495337664,False
373375O,2019-08-24,180383,ii_180383,Other,179,1432,20.231703871150042,False
373375O,2019-08-24,182015,ii_182015,Service,149,447,6.315343317321277,False
374089O,2019-09-30,128859,ii_128859,Equipment,117,117,5.098039215686274,False
374089O,2019-09-30,152319,ii_152319,Other,161,322,14.030501089324618,False
374089O,2019-09-30,156315,ii_156315,Other,151,1208,52.636165577342055,False
374089O,2019-09-30,160942,ii_160942,Service,162,648,28.235294117647058,False
381476O,2019-07-12,121779,ii_121779,Service,195,975,39.585870889159565,False
381476O,2019-07-12,195222,ii_195222,Other,186,1488,60.41412911084044,False
385290O,2019-06-29,150069,ii_150069,Other,114,798,77.47572815533981,False
385290O,2019-06-29,168488,ii_168488,Equipment,116,232,22.52427184466019,False
397723O,2019-05-11,117999,ii_117999,Equipment,196,392,21.292775665399237,False
397723O,2019-05-11,121772,ii_121772,Material,120,600,32.59098316132537,False
397723O,2019-05-11,181613,ii_181613,Material,161,483,26.23574144486692,False
397723O,2019-05-11,198198,ii_198198,Material,122,366,19.880499728408473,False
